time points;83.606615178236524
temporal features;67.997120257349195
artificial intelligence;59.574390102653844
time intervals;57.883324096228002
time line;50.536165278733051
semantic web;43.851293819788246
time interval;43.505487178482213
synthetic theory;41.588830833596717
temporal relations;39.501747357914248
temporal representation;37.10334822182827
temporal logic;36.381290329696064
temporal reasoning;34.106386743174745
temporal incidence;33.528312391595506
features of time;33.271064666877372
temporal properties;32.388828770830841
reviewed theories;31.165346784618379
temporal elements;30.457043448604324
computer science;30.036377824264296
query language;28.789716323075549
time community;27.710101960960213
intl conf;26.366694928034633
ontologies of time;26.013345821065482
temporal information;23.965858188431927
temporal description logics;23.070858062030304
interval relations;21.196059557905205
theories of temporal incidence;20.407184289972932
nary relations;19.939544268204173
description logics;19.654527953693918
time point;19.476032244907973
time community sentiment;19.068322982087675
representation of time;18.546254720149896
triple stores;17.954645502230758
temporal ontologies;17.666633874998642
taxonomy of temporal features;16.836479149932369
periodic subintervals;15.222612188617115
reviewed ontologies;14.722194895832201
time instants;14.534713025615376
temporal intervals;14.451858789480823
time domain;14.387371636790224
temporal measures;14.16606672028108
allens relations;13.862943611198906
temporal aspects;13.862943611198906
 ermolayev;13.354993539365466
time lines;13.047982193632926
reviewed temporal theories;13.032386152085929
temporal region;12.863238455235498
scale factors;12.824746787307683
implemented ontologies;12.364169813433264
qualitative relations;12.178089750893692
time structure;12.022372279358398
information systems;11.777755916665761
temporal structures;11.777755916665761
structuring of time;11.777755916665761
nary relation;11.285777172830763
temporal rdf;11.182079924046002
owltime ontology;11.090354888959125
concrete domains;11.090354888959125
binary relations;11.090354888959125
intl symp;10.986122886681098
density of time;10.83220080440884
temporal logics;10.83220080440884
intl joint conf;10.83220080440884
temporal location;10.76621070741362
performance simulation initiative;10.489522684399441
bag of terms;9.9396265991520014
temporal structure;9.9098460270725646
highlevel temporal features;9.8875105980129874
sufficient expressive power;9.8875105980129874
allens interval relations;9.6566274746046012
different granularities;9.406482647787449
concise representation;9.2731273600749482
semantic web standards;9.2731273600749482
formal representations;9.2731273600749482
valid time;9.2103403719761836
different granularity;9.1335673131702695
different time lines;8.987196820661973
branching structure;8.8333169374993208
time representation;8.8333169374993208
distributed systems;8.8333169374993208
subsequent sections;8.8333169374993208
clinical narratives;8.8333169374993208
number of citations;8.8333169374993208
situation calculus;8.6711152736884927
highlevel features;8.6711152736884927
anisotropy of time;8.6711152736884927
time ontology;8.6275569296433492
implied relations;8.4996400321686494
timeline ontology;8.4996400321686494
basic time theory;8.4996400321686494
time model;8.4428120076448359
realtime systems;8.317766166719343
calendar systems;8.317766166719343
ontology of time;8.317766166719343
feature of time;8.1241506033066297
relativist view;8.1241506033066297
instant of time;8.1241506033066297
temporal extent;8.1241506033066297
document corpus;8.1241506033066297
time boundaries;8.1241506033066297
amount of time;7.9171719888457748
theory of time;7.9171719888457748
google scholar;7.9171719888457748
models of time;7.9171719888457748
temporal slice;7.9171719888457748
point in time;7.6948480723846107
model of time;7.6948480723846107
intl workshop;7.6948480723846107
ancient times;7.6948480723846107
time quantity;7.6948480723846107
ontology of sociocultural time expressions;7.4753392365667368
related work;7.4547199493640015
possible way;7.4547199493640015
basic models;7.4547199493640015
number of parallel independent time lines;7.4271441334086159
document collection;7.3610974479161007
time structures;7.2214672029392277
date values;7.193685818395112
linear time;7.193685818395112
 allen;7.1670378769122198
mixed pointintervalbased framework;7.0527210492323231
project by cadence design systems;6.9930151229329605
european semantic web conference;6.9314718055994531
 preventis;6.9077552789821377
new object;6.9077552789821377
ontology specification language;6.8679744089702925
foundations of computer science;6.8679744089702925
relationships between intervals;6.8679744089702925
suggested upper merged ontology;6.8679744089702925
support for undefined intervals;6.8679744089702925
nonconvexity of time intervals;6.8023947633243109
periodicity in time structures;6.8023947633243109
qualitative temporal reasoning;6.8023947633243109
qualitative temporal relations;6.8023947633243109
terminology contribution peaks;6.8023947633243109
extra classesobject properies;6.7345916599729483
temporal relation inferencing;6.7345916599729483
theory of temporal incidence;6.6644090203504076
account for temporal periods;6.6644090203504076
account for datetime formats;6.6644090203504076
psi suite;6.5916737320086582
term list;6.5916737320086582
focus of scientific thought;6.5916737320086582
temporal incidence theories;6.5916737320086582
natural language processing;6.5916737320086582
successorforming symbols ni;6.5916737320086582
periodic temporal elements;6.5161930760429643
fuzziness in time instants;6.5161930760429643
j acm;6.4377516497364011
complete possible history;6.4377516497364011
temporal representations;6.3561076606958915
fuzziness in time points;6.3561076606958915
nonnegative real numbers;6.3561076606958915
crossdisciplinary effort;6.3561076606958915
time document collection;6.3561076606958915
approximation algorithms;6.3561076606958915
particular time interval;6.3561076606958915
proliferation of objects;6.3561076606958915
terminological footprint;6.3561076606958915
opinion of time authors;6.2709884318582994
one single basic theory;6.2709884318582994
psi upperlevel ontology;6.2709884318582994
temporal rdf  gutierrez;6.2709884318582994
particular applications;6.2709884318582994
general formal ontology;6.2709884318582994
time interval i1 shares;6.2709884318582994
foundational ontologies;6.2709884318582994
basic theory;6.2122666244700007
scope of owl reasoners;6.1820849067166321
swrl temporal ontology;6.1820849067166321
reusable time ontology;6.1820849067166321
time paper collection;6.089044875446846
basic formal ontology;6.089044875446846
metric temporal logic;6.089044875446846
annals of mathematics;6.089044875446846
aaai spring symposium;6.089044875446846
ontologies  ermolayev;6.089044875446846
cognitive engineering;6.089044875446846
objects of properties;6.089044875446846
time symposia series;5.9914645471079817
comparative analysis;5.9914645471079817
akt support ontology;5.9914645471079817
range of granularity;5.9914645471079817
syntactical variants;5.9914645471079817
temporal constraints;5.9914645471079817
continuous time line;5.9914645471079817
corresponding qualia;5.9914645471079817
time markup language;5.9914645471079817
descriptive ontology;5.9914645471079817
materialized product;5.9914645471079817
indirect predecessor;5.9914645471079817
initial situation s0;5.9914645471079817
reference durations;5.8888779583328805
unique contribution;5.8888779583328805
calendar structures;5.8888779583328805
decidable fragments;5.8888779583328805
comparative summary;5.8888779583328805
logicbased approach;5.8888779583328805
locationof function;5.8888779583328805
temporal operators;5.780743515792329
temporal distances;5.780743515792329
temporal knowledge;5.780743515792329
prominent theories;5.780743515792329
pairs of relations;5.780743515792329
universal timeline;5.780743515792329
incremental slices;5.780743515792329
continuity of time;5.780743515792329
asserted relations;5.780743515792329
fundamental aspect;5.780743515792329
linearity of time;5.6664266881124323
other time points;5.6664266881124323
akt time ontology;5.6664266881124323
normalized scores;5.6664266881124323
usability aspects;5.6664266881124323
temporal segments;5.6664266881124323
datetime datatype;5.6664266881124323
semantic web iswc;5.6664266881124323
relaxed linearity;5.6664266881124323
community members;5.6664266881124323
special intervals;5.6664266881124323
important subject;5.6664266881124323
relation worksfor;5.6664266881124323
p  i;5.5451774444795623
grayshaded cells;5.5451774444795623
proper intervals;5.5451774444795623
specific concept;5.5451774444795623
 anagnostopoulos;5.5451774444795623
temporal regions;5.5451774444795623
temporal periods;5.5451774444795623
temporal content;5.5451774444795623
temporal classes;5.5451774444795623
domain timepoint;5.5451774444795623
other ontologies;5.5451774444795623
realtime logics;5.4161004022044201
ordered triples;5.4161004022044201
sets of periods;5.4161004022044201
selected papers;5.4161004022044201
fuzzy relations;5.4161004022044201
database models;5.4161004022044201
possible reason;5.4161004022044201
allen relations;5.4161004022044201
system sciences;5.4161004022044201
temporal theory;5.4161004022044201
interior points;5.4161004022044201
temporal module;5.4161004022044201
domain for time;5.4161004022044201
single ontology;5.4161004022044201
time  ermolayev;5.4161004022044201
different types;5.4161004022044201
 motik;5.3752784076841653
total ordering;5.2781146592305168
time branching;5.2781146592305168
direct support;5.2781146592305168
sowl  batsakis;5.2781146592305168
hybrid systems;5.2781146592305168
nature of time;5.2781146592305168
annals of pure;5.2781146592305168
fuzzy interval;5.2781146592305168
other features;5.2781146592305168
fluents  welty;5.2781146592305168
finite number;5.1298987149230735
extra objects;5.1298987149230735
partial order;5.1298987149230735
such mappings;5.1298987149230735
interval sets;5.1298987149230735
standard time;5.1298987149230735
reusable time;5.1298987149230735
toql  baratis;5.1298987149230735
time elements;5.1298987149230735
abelian group;5.1298987149230735
whole of time;5.1298987149230735
applied logic;5.1298987149230735
time measures;5.1298987149230735
modal logics;4.9698132995760007
web services;4.9698132995760007
date suffice;4.9698132995760007
special case;4.9698132995760007
date formats;4.9698132995760007
della monica;4.9698132995760007
part of time;4.9698132995760007
time papers;4.7957905455967413
time models;4.7957905455967413
span entity;4.7957905455967413
new version;4.7957905455967413
interval i2;4.7957905455967413
last column;4.7957905455967413
use of rdfs;4.7957905455967413
 koubarakis;4.7957905455967413
metric time;4.7957905455967413
temporal ontology;4.7220222400936942
semantic web conference;4.7032413238937245
temporal part;4.6169088434307666
phd thesis;4.6051701859880918
time stamp;4.6051701859880918
point zero;4.6051701859880918
other hand;4.6051701859880918
lower part;4.6051701859880918
major gaps;4.6051701859880918
swrl rules;4.6051701859880918
community sentiment;4.4166584687496604
timed ptl;4.3944491546724391
rdf graph;4.3944491546724391
date line;4.3944491546724391
web pages;4.3944491546724391
natl conf;4.3944491546724391
ieee international enterprise distributed object computing conference workshops;4.3694478524670215
real numbers;4.3485866371290003
c  i;4.1588830833596715
rdf data;4.1588830833596715
 ladyman;4.1588830833596715
cyc time;4.1588830833596715
 lamport;4.1588830833596715
stands for allens interval calculus relations implementation;4.0943445622221004
description logic language constructs  baader et al;3.9318256327243257
terms of type timeinterval denoting time intervals;3.912023005428146
representation of temporally changing information;3.8918202981106265
other scientific knowledge management activities;3.8712010109078911
case of transitive properties additional triples;3.8712010109078911
reasoning in business intelligence applications;3.8501476017100584
 gutierrez;3.8376418216567432
darpa highperformance knowledge bases project;3.8066624897703196
large expressive knowledge sets  baader et al;3.8066624897703196
prototype temporal description logic reasoner;3.8066624897703196
annotation of timedependent factual knowledge;3.8066624897703196
life several prominent theoretical frameworks;3.8066624897703196
terms of type property denoting propositions;3.784189633918261
introduction of description logics  brachman;3.784189633918261
semantics of qualitative temporal relations;3.7612001156935624
time proceedings series document collection;3.7612001156935624
support for qualitative temporal relations;3.7376696182833684
temporal representationquerying approaches;3.7376696182833684
propositional interval neighborhood logics;3.7376696182833684
expressivitydecidabilitycomplexity balance;3.7376696182833684
reasoning intervalbased temporal knowledge;3.7376696182833684
years with terminology contribution peaks;3.713572066704308
extra class employmentdetailsnaryrelation;3.713572066704308
qualitative temporal constraint reasoning;3.713572066704308
mfotl metrical first order temporal logic;3.713572066704308
eu fp7 marie curie irses semdata project;3.6888794541139363
main knowledge representation formalisms;3.6888794541139363
correspondences between allens relations;3.6888794541139363
use of periodic time interval structures;3.6888794541139363
 relativetimeline semiinfinite time line;3.6888794541139363
requirement in computer science research;3.6888794541139363
ontology engineering patterns task force;3.6888794541139363
section theoretical temporal frameworks;3.6635616461296463
combination of several binary relations;3.6635616461296463
developments in artificial intelligence;3.6635616461296463
quantified propositional temporal logic;3.6635616461296463
 batsakis;3.6620409622270329
stanfords knowledge systems laboratory;3.6375861597263857
representation of temporal information;3.6375861597263857
principles of knowledge representation;3.6375861597263857
darpas high performance knowledge base;3.6375861597263857
increased terminological contribution;3.6109179126442243
standpoint of artificial intelligence;3.6109179126442243
engineering design performance domain;3.6109179126442243
epsrc advanced knowledge technologies;3.6109179126442243
derivative of celestial sphere motion;3.6109179126442243
respective collection slice increment;3.6109179126442243
defined temporal information  oconnor;3.6109179126442243
technomathematics research foundation;3.6109179126442243
framework for temporal representation;3.6109179126442243
rdf with temporal annotation  krieger;3.6109179126442243
corresponding temporal representation;3.6109179126442243
klone knowledge representation system;3.6109179126442243
performance in microelectronic design;3.6109179126442243
philosophische untersuchungen zu raum;3.6109179126442243
agentoriented information systems iii;3.6109179126442243
sort t;3.5835189384561099
interval temporal logics  moszkowski;3.5835189384561099
models of dynamic engineering design;3.5835189384561099
available ontological content  niles;3.5835189384561099
propositional dynamic logic  fischer;3.5835189384561099
second generation rdf query language;3.5835189384561099
regular periodic temporal structures;3.5835189384561099
notion of infinitesimal differences;3.5553480614894135
propositional linear temporal logic;3.5553480614894135
typed firstorder predicate calculus;3.5553480614894135
spatiotemporal representation model;3.5553480614894135
verification of distributed systems;3.5553480614894135
semantic web information management;3.5553480614894135
term recognition technique  frantzi;3.5553480614894135
ontoelect methodology  tatarintseva;3.5553480614894135
uniformsamplingmap concept subsumes;3.5553480614894135
swrltemporal contains swrl buildins;3.5553480614894135
sparqlbased temporal query language;3.5553480614894135
psitime versus allens time interval;3.5553480614894135
temporal ontology querying language;3.5553480614894135
examples of temporal representation;3.5553480614894135
practice of semantic web reasoning;3.5263605246161616
dynamic engineering design process;3.5263605246161616
properties for datetimedescription;3.5263605246161616
alternatives in logical postulates;3.5263605246161616
relationships among time intervals;3.5263605246161616
coexistence of different timelines;3.5263605246161616
knowledge about temporal intervals;3.5263605246161616
ieee annual intl computer software;3.5263605246161616
suffers from several disadvantages;3.5263605246161616
concurrency in distributed systems;3.5263605246161616
additional expressive capabilities;3.5263605246161616
tools with artificial intelligence;3.5263605246161616
consistency of temporal assertions;3.5263605246161616
primitive relation pointininterval;3.5263605246161616
representative community sentiment;3.5263605246161616
relative termhood difference value;3.5263605246161616
absolute termhood difference value;3.5263605246161616
restrictions on temporal incidence;3.5263605246161616
handbook of constraint programming;3.5263605246161616
temporal entityrelationship models;3.5263605246161616
library of foundational ontologies;3.5263605246161616
swrl temporal ontology contributes;3.5263605246161616
mapping of such periodic behaviors;3.5263605246161616
time intervalbased calculus states;3.5263605246161616
family of nonstandard tense logics;3.5263605246161616
knowledge representation languages;3.5263605246161616
interoperable semantic annotation;3.4965075614664802
temporal intervalbased structures;3.4965075614664802
mappings from hebrand time points;3.4965075614664802
terms of precise numerical values;3.4965075614664802
hybrid discretecontinuous systems;3.4965075614664802
constraint propagation algorithms;3.4965075614664802
ideas of franz brentano  brentano;3.4965075614664802
identification of tractable cases;3.4965075614664802
nomenclature of temporal elements;3.4965075614664802
constraint linear temporal logics;3.4965075614664802
tsql2like temporal query language;3.4965075614664802
relationships among time elements;3.4965075614664802
relations between crisp intervals;3.4965075614664802
research in logical formalization;3.4965075614664802
intervalbased temporal structures;3.4965075614664802
reason over qualitative relations;3.4965075614664802
kconsistency implies nconsistency;3.4965075614664802
current w3c recommendation  hobbs;3.4965075614664802
appropriateness of nonmetric time;3.4965075614664802
pointbased model temporal theory;3.4657359027997265
intervaltointerval relationships;3.4657359027997265
unboundedness versus boundedness;3.4657359027997265
harmonized semantic web ontology;3.4657359027997265
upperlevelkernel ontology  cohen;3.4657359027997265
vcad emea cadence design systems;3.4657359027997265
ptl propositional temporal logic;3.4657359027997265
different basic temporal element;3.4657359027997265
upper bound duration annotations;3.4657359027997265
qualitative temporal information;3.4657359027997265
intervals with unknown endpoints;3.4657359027997265
hence owl object property axioms;3.4657359027997265
intervalbased temporal reasoning;3.4657359027997265
intervals for temporal reasoning;3.4657359027997265
proliferation of objects  artale;3.4657359027997265
reification of properties labels;3.4657359027997265
polynomial worst case complexity;3.4657359027997265
restriction on future assertions;3.4657359027997265
discussion of temporal intervals;3.4657359027997265
subject of philosophical thought;3.4657359027997265
mention periodic time structures;3.4657359027997265
score significance threshold eps;3.4657359027997265
ontology engineering methodology;3.4657359027997265
j of applied nonclassical logics;3.4657359027997265
artificial intelligence research;3.4657359027997265
support for annotated properties;3.4657359027997265
exponential worst case algorithm;3.4657359027997265
synergetic formal representation;3.4657359027997265
fotl first order temporal logic;3.4339872044851463
temporalthing denotes something;3.4339872044851463
algebraic structure tconsisting;3.4339872044851463
reason about scenario overviews;3.4339872044851463
owl ontological representations;3.4339872044851463
hayesten horst entailment rules;3.4339872044851463
definitions of allens relations;3.4339872044851463
technical report psiontotr20075;3.4339872044851463
collection of scientific papers;3.4339872044851463
indefinite temporal information;3.4339872044851463
application specific swrl rules;3.4339872044851463
pair of disjoint time intervals;3.4339872044851463
temporal information processing;3.4339872044851463
individuals for inconsistencies;3.4339872044851463
disjunctions of basic relations;3.4339872044851463
concurrent execution frameworks;3.4339872044851463
vagueness in temporal knowledge;3.4339872044851463
properties of temporal contexts;3.4339872044851463
constraint satisfaction problem;3.4339872044851463
forwardbranching time structure;3.4339872044851463
logics with temporal properties;3.4339872044851463
clear philosophical distinction;3.4339872044851463
dynamic information introduces;3.4011973816621555
dynamics of online communities;3.4011973816621555
engineering complex ontologies;3.4011973816621555
enterprise information systems;3.4011973816621555
evolution of temporal concepts;3.4011973816621555
form of implemented ontologies;3.4011973816621555
requirements elicitation phase;3.4011973816621555
means of qualitative relations;3.4011973816621555
 specifies temporal primitives;3.4011973816621555
intl semantic web working symp;3.4011973816621555
interval relations likelymeets;3.4011973816621555
initial nary relation worksfor;3.4011973816621555
inference of implied relations;3.4011973816621555
practical reasoning complexity;3.4011973816621555
immediate predecessor function;3.4011973816621555
university of california press;3.4011973816621555
additional temporal constructs;3.4011973816621555
querying graph structured data;3.4011973816621555
transitive precedence relation;3.4011973816621555
timezone specifies time shifts;3.4011973816621555
results in formal verification;3.4011973816621555
handbook of temporal reasoning;3.4011973816621555
frequencies of term occurrence;3.4011973816621555
temporal integrity constraints;3.4011973816621555
temporal constraint propagator;3.4011973816621555
combination of feature choices;3.4011973816621555
swrltemporal offer definitions;3.4011973816621555
definition of calendar systems;3.4011973816621555
biomedical engineering systems;3.4011973816621555
time comprise temporalelements;3.4011973816621555
temporal pointbased structures;3.4011973816621555
class of intermediate objects;3.3672958299864741
classification of time points;3.3672958299864741
upperboundduration attributes;3.3672958299864741
additional time slice objects;3.3672958299864741
allens time interval calculus;3.3672958299864741
chosen professional community;3.3672958299864741
asian semantic web conference;3.3672958299864741
musing time ontology  krieger;3.3672958299864741
subcollection of timeinterval;3.3672958299864741
survey of temporal extensions;3.3672958299864741
explicit clock temporal logic;3.3672958299864741
hpkbupperlevelkernel ontology;3.3672958299864741
qualitative reasoning support;3.3672958299864741
qualitative spatial reasoning;3.3672958299864741
extending database technology;3.3672958299864741
exclusive primitive relations;3.3672958299864741
specialized temporal reasoner;3.3672958299864741
halpernshohams interval logic;3.3672958299864741
fluents with concrete domains;3.3672958299864741
relative temporal realization;3.3672958299864741
reusabletime specifies convex;3.3672958299864741
definitions of interval start;3.3672958299864741
table7application areas dealt;3.3672958299864741
ranges of properties beginsat;3.3672958299864741
form of information resources;3.3672958299864741
implementations of ontologies;3.3672958299864741
incompleteness in facts leads;3.3672958299864741
nearlysimultaneously relation;3.3672958299864741
spatiotemporal query language;3.3672958299864741
support for ternary relations;3.3672958299864741
temporal terminological logic;3.3672958299864741
international symposia series;3.3672958299864741
interval as opennesscloseness;3.3672958299864741
temporallyrelated collections;3.3672958299864741
distinguished time point zero;3.3672958299864741
isolated jump discontinuities;3.3672958299864741
k implies strong nconsistency;3.3672958299864741
layered metric temporal logic;3.3672958299864741
ltl lineartime temporal logic;3.3672958299864741
temporalaggregates extension;3.3322045101752038
situation calculus  mccarthy;3.3322045101752038
choices of temporal features;3.3322045101752038
hasduration in timeintervals;3.3322045101752038
hierarchy of temporal logics;3.3322045101752038
ieee standard upper ontology;3.3322045101752038
upperlevel ontological model;3.3322045101752038
primitive temporal structure;3.3322045101752038
use of nonmetric time points;3.3322045101752038
periods of chronometric time;3.3322045101752038
pairwise termhood difference;3.3322045101752038
pairwise termhood comparison;3.3322045101752038
intervalbased time structure;3.3322045101752038
other timerelated ontologies;3.3322045101752038
other employ different kinds;3.3322045101752038
ordered pointbased structure;3.3322045101752038
linear nonmetric time domain;3.3322045101752038
model in different fragments;3.3322045101752038
amia summits transl sci proc;3.3322045101752038
reusable time ontology  zhou;3.3322045101752038
fuzziness for time intervals;3.3322045101752038
temporal periodic structures;3.3322045101752038
temporal logics constructors;3.3322045101752038
temporal entity relationship;3.3322045101752038
temporal employment relation;3.3322045101752038
coverage of certain features;3.3322045101752038
time for computer scientists;3.3322045101752038
time for knowledge engineers;3.3322045101752038
temporal aggregates ontology;3.3322045101752038
time in interactive behavior;3.3322045101752038
support for concrete domains;3.3322045101752038
fig1graphical representation;3.3322045101752038
forwardbranching time domain;3.3322045101752038
detailed comparative account;3.3322045101752038
different geographical zones;3.3322045101752038
domainindependent properties;3.3322045101752038
assumption of unbounded time;3.3322045101752038
solid theoretical background;3.3322045101752038
simplified form owltimeentry;3.3322045101752038
suffers from data redundancy;3.3322045101752038
instantaneous temporal part;3.2958368660043291
choice of temporal ordering;3.2958368660043291
psitime ontology implements;3.2958368660043291
psitime ontology  ermolayev;3.2958368660043291
standard description logics;3.2958368660043291
individual of class company;3.2958368660043291
largest contiguous interval;3.2958368660043291
interval description logics;3.2958368660043291
time periodicity discussion;3.2958368660043291
spatial reasoning revisited;3.2958368660043291
distributed digital systems;3.2958368660043291
paper collection increments;3.2958368660043291
efficient temporal querying;3.2958368660043291
smooth time representations;3.2958368660043291
annotated semantic web data;3.2958368660043291
examples of representations;3.2958368660043291
representation of knowledge;3.2958368660043291
meaningful internet systems;3.2958368660043291
important temporal features;3.2958368660043291
semantic web best practices;3.2958368660043291
explicit clock logic  harel;3.2958368660043291
formal verification studies;3.2958368660043291
extracted temporal features;3.2958368660043291
feature of temporalmodality;3.2958368660043291
prominent temporal theories;3.2958368660043291
term significance threshold;3.2958368660043291
accumulation of constraints;3.2958368660043291
temporal feature extraction;3.2958368660043291
composition of relations r1;3.2958368660043291
interval with explicit ends;3.2958368660043291
hascount with integer range;3.2958368660043291
canonical coordinate system;3.2958368660043291
quantitative representation;3.2958368660043291
grain of temporal reasoning;3.2958368660043291
physicalquantities ontology;3.2958368660043291
ontology evolution analysis;3.2958368660043291
reasonable software program;3.2958368660043291
common indirect predecessor;3.2958368660043291
substitution of time points;3.2958368660043291
different application areas;3.2958368660043291
generalpurpose foundational;3.2958368660043291
thd algorithm  tatarintseva;3.2958368660043291
corresponding xsd datatype;3.2580965380214821
representation constraints;3.2580965380214821
endingintervalfn functions;3.2580965380214821
relations between instants;3.2580965380214821
example professional texts;3.2580965380214821
measure temporal distances;3.2580965380214821
different functional units;3.2580965380214821
arrangement of time points;3.2580965380214821
10th joint acliso workshop;3.2580965380214821
enterprise cyc proprietary;3.2580965380214821
axiomatic characterization;3.2580965380214821
standard datatype property;3.2580965380214821
firstorder temporal logics;3.2580965380214821
use of temporal modalities;3.2580965380214821
temporal locations subsume;3.2580965380214821
polynomial time algorithms;3.2580965380214821
lineartime temporal logics;3.2580965380214821
comprehensive basic theory;3.2580965380214821
case of temporal relations;3.2580965380214821
fuzzy membership functions;3.2580965380214821
specific domain ontologies;3.2580965380214821
maximal tractable subclass;3.2580965380214821
ontology engineering point;3.2580965380214821
description logic handbook;3.2580965380214821
automatatheoretic approach;3.2580965380214821
intervalinterval relations;3.2580965380214821
nconsistency problem  renz;3.2580965380214821
domainindependent property;3.2580965380214821
defined temporal intervals;3.2580965380214821
eternalist view postulates;3.2580965380214821
repetitions of occurrences;3.2580965380214821
ontoelect using saturation;3.2580965380214821
temporal ontology language;3.2580965380214821
maximal decidable fragment;3.2580965380214821
timeline ontology  raimond;3.2580965380214821
spatiotemporal information;3.2580965380214821
temporal parthood relation;3.2580965380214821
ontologies of time reveals;3.2580965380214821
required ordering relation;3.2580965380214821
computational intelligence;3.2580965380214821
cambridge university press;3.2580965380214821
special purpose mechanisms;3.2580965380214821
use of different calendars;3.2580965380214821
aktive portal demonstrator;3.2580965380214821
handbook of spatial logics;3.2580965380214821
metric temporal modalities;3.2580965380214821
 vila;3.2188758248682006
 lutz;3.2188758248682006
table1pairwise comparison;3.2188758248682006
characteristic properties;3.2188758248682006
asian language processing;3.2188758248682006
wonderweb deliverable d18;3.2188758248682006
general purpose technique;3.2188758248682006
representation consisting;3.2188758248682006
temporalthing in relation;3.2188758248682006
signal propagation delays;3.2188758248682006
realtime calendar systems;3.2188758248682006
date comparison operation;3.2188758248682006
continuous query language;3.2188758248682006
intelligent data analysis;3.2188758248682006
temporal incidence theory;3.2188758248682006
logic in computer science;3.2188758248682006
relevant temporal feature;3.2188758248682006
corresponding constraints;3.2188758248682006
temporal feature coverage;3.2188758248682006
hastime datatype property;3.2188758248682006
medium expressivity model;3.2188758248682006
aggregation of such frobs;3.2188758248682006
computeraided engineering;3.2188758248682006
relaxed linear time model;3.2188758248682006
feature coverage analysis;3.2188758248682006
cyc knowledge base  lenat;3.2188758248682006
damltime ontology reveals;3.2188758248682006
complexity classification;3.2188758248682006
family of temporal logics;3.2188758248682006
propositions over fluents;3.2188758248682006
procedia computer science;3.2188758248682006
propositional modal logic;3.2188758248682006
elements andor structures;3.2188758248682006
19942009 collection slice;3.2188758248682006
dense time representation;3.2188758248682006
representations of clocks;3.2188758248682006
numerical representations;3.2188758248682006
descriptive formal theory;3.2188758248682006
ternary relation worksfor;3.2188758248682006
class extendedproposition;3.2188758248682006
available temporal logics;3.2188758248682006
subject of class employee;3.2188758248682006
overview of time ontology;3.2188758248682006
owltime temporal ontology;3.2188758248682006
semantical considerations;3.2188758248682006
8ary predicate durationof;3.2188758248682006
world wide web consortium;3.2188758248682006
different time frameworks;3.2188758248682006
path consistency checking;3.2188758248682006
temporally extended goals;3.2188758248682006
research for philosophers;3.2188758248682006
body of scholarly sources;3.2188758248682006
intl j semantic computing;3.2188758248682006
disjunctions of relations;3.2188758248682006
sparqllike query language;3.2188758248682006
particular symposium year;3.2188758248682006
reduced paper collection;3.1780538303479458
reasoning over intervals;3.1780538303479458
basic situation calculus;3.1780538303479458
annotation of properties;3.1780538303479458
value of n simpler forms;3.1780538303479458
computational tree logic;3.1780538303479458
professional communities;3.1780538303479458
base upperlevel ontology;3.1780538303479458
background in philosophy;3.1780538303479458
subclass of modal logics;3.1780538303479458
ontology of environments;3.1780538303479458
structures for calendars;3.1780538303479458
university of manchester;3.1780538303479458
abstract algebraic sense;3.1780538303479458
different season periods;3.1780538303479458
standardized time domain;3.1780538303479458
semantic web communities;3.1780538303479458
towl ontology  frasincar;3.1780538303479458
deployment working group;3.1780538303479458
vague temporal knowledge;3.1780538303479458
owlcompatible approaches;3.1780538303479458
rates of physical clocks;3.1780538303479458
unbounded time intervals;3.1780538303479458
computational complexity;3.1780538303479458
graphical interpretation;3.1780538303479458
high quality data models;3.1780538303479458
temporal features allens;3.1780538303479458
root timerelated concept;3.1780538303479458
importance of accounting;3.1780538303479458
certain conceptual space;3.1780538303479458
first order logic axioms;3.1780538303479458
generic concept subsumes;3.1780538303479458
abstract phenomenal time;3.1780538303479458
knowledge infrastructure;3.1780538303479458
pictorial representation;3.1780538303479458
nonconvex time intervals;3.1780538303479458
help of concrete domains;3.1780538303479458
w3c compliant approaches;3.1780538303479458
defining time structures;3.1780538303479458
time in computer science;3.1780538303479458
physical time coordinate;3.1780538303479458
decomposability of times;3.1780538303479458
table of correspondences;3.1780538303479458
ternary relations grants;3.1780538303479458
system in temporal logic;3.1780538303479458
relation of higher arity;3.1780538303479458
abstracttimeline concept;3.1780538303479458
advances in modal logics;3.1780538303479458
sketch of query language;3.1780538303479458
analyses of timed series;3.1780538303479458
sorts of interval shapes;3.1780538303479458
chosen granularity level;3.1780538303479458
specific datetime values;3.1780538303479458
methodological positions;3.1780538303479458
efficient representation;3.1780538303479458
nonstandard tense theory;3.1780538303479458
episodes temporal extent;3.1780538303479458
distance from point zero;3.1780538303479458
distinct atomic elements;3.1780538303479458
fourdimensional manifold;3.1780538303479458
hierarchies of intervals;3.1780538303479458
endings of timeintervals;3.1780538303479458
considers time intervals;3.1780538303479458
single qualitative value;3.1780538303479458
domain for physical time;3.1780538303479458
new generation computing;3.1780538303479458
indefinite temporal data;3.1780538303479458
knowledge representation;3.1780538303479458
ends of temporalentities;3.1780538303479458
representation languages;3.1780538303479458
layered temporal logics;3.1354942159291497
assertion time point ta;3.1354942159291497
endingpointfn functions;3.1354942159291497
specific tractable sets;3.1354942159291497
maximal possible extent;3.1354942159291497
axiomatized definitions;3.1354942159291497
standard upper ontology;3.1354942159291497
absolutist distinctions;3.1354942159291497
intuitive understanding;3.1354942159291497
differentiable function;3.1354942159291497
different month periods;3.1354942159291497
discrete time structure;3.1354942159291497
relations in owl syntax;3.1354942159291497
object of digital music;3.1354942159291497
assertions of relations;3.1354942159291497
relativist distinctions;3.1354942159291497
sowl ontology  batsakis;3.1354942159291497
temporal query language;3.1354942159291497
domain of digital music;3.1354942159291497
inconsistency detection;3.1354942159291497
subclasses of validtime;3.1354942159291497
natural branching model;3.1354942159291497
corresponding dimension;3.1354942159291497
hasgranularity property;3.1354942159291497
combines owl constructs;3.1354942159291497
query language stsparql;3.1354942159291497
thirteen different ways;3.1354942159291497
temporal logic language;3.1354942159291497
uniform circular motion;3.1354942159291497
advances in electronics;3.1354942159291497
advances of linguistics;3.1354942159291497
ai meets business rules;3.1354942159291497
cardinality constraints;3.1354942159291497
structure of situations;3.1354942159291497
intelligent information;3.1354942159291497
likelybefore  ermolayev;3.1354942159291497
calendar logic  ohlbach;3.1354942159291497
allens interval algebra;3.1354942159291497
intervalpoint relations;3.1354942159291497
beginning time instants;3.1354942159291497
suite of ontologies v22;3.1354942159291497
nary relations approach;3.1354942159291497
industrial applications;3.1354942159291497
abstract time structure;3.1354942159291497
difference between time;3.1354942159291497
reference specification;3.1354942159291497
oxford university press;3.1354942159291497
relyguarantee reasoning;3.1354942159291497
different time theories;3.1354942159291497
exact temporal location;3.1354942159291497
comparing uml marteccsl;3.1354942159291497
representation of dates;3.1354942159291497
time zone ontology file;3.1354942159291497
 in temporal structures;3.1354942159291497
international symposium;3.1354942159291497
 in temporal properties;3.1354942159291497
timeinterval collection;3.1354942159291497
closed world assumption;3.1354942159291497
representations of time;3.1354942159291497
w3c compliant solutions;3.1354942159291497
other temporal entities;3.1354942159291497
representations concise;3.1354942159291497
expressiveness in favor;3.1354942159291497
overlap or overlappedby;3.1354942159291497
timedifference function;3.1354942159291497
paper collection slices;3.1354942159291497
time line partitioning;3.0910424533583161
notes of aaai workshop;3.0910424533583161
parameterized operator;3.0910424533583161
semantic web community;3.0910424533583161
w3c working group note;3.0910424533583161
temporalized knowledge;3.0910424533583161
logical formalizations;3.0910424533583161
abstract specification;3.0910424533583161
logical representation;3.0910424533583161
family of tense logics;3.0910424533583161
appropriate definition;3.0910424533583161
substrata of locations;3.0910424533583161
instances of timepoint;3.0910424533583161
satisfiability problem;3.0910424533583161
whereas time intervals;3.0910424533583161
extension by ermolayev;3.0910424533583161
present time structure;3.0910424533583161
time granularity model;3.0910424533583161
ontological categories;3.0910424533583161
information redundancy;3.0910424533583161
philosophical problems;3.0910424533583161
notion of kconsistency;3.0910424533583161
philosophical doctrine;3.0910424533583161
modelbased perspective;3.0910424533583161
initial axiomatization;3.0910424533583161
named graphs  tappolet;3.0910424533583161
temporalentity concept;3.0910424533583161
singular time interval;3.0910424533583161
ontology of perdurants;3.0910424533583161
corresponding interval;3.0910424533583161
particular granularity;3.0910424533583161
correctness properties;3.0910424533583161
incomplete information;3.0910424533583161
different combinations;3.0910424533583161
events throughout time;3.0910424533583161
core temporal entities;3.0910424533583161
continuum of instances;3.0910424533583161
continuous development;3.0910424533583161
presburger constraints;3.0910424533583161
citation frequency cfr;3.0910424533583161
nonempty convex subset;3.0910424533583161
fuzzy binary relations;3.0910424533583161
rich descriptive means;3.0910424533583161
hybrid logic operators;3.0910424533583161
formalizations of time;3.0910424533583161
underconstrained  renz;3.0910424533583161
undecidable extensions;3.0910424533583161
frequency of citations;3.0910424533583161
properties that change;3.0910424533583161
granularityof function;3.0910424533583161
values of timeinstants;3.0910424533583161
upper level ontologies;3.0910424533583161
amount of further work;3.0910424533583161
undecidability results;3.0910424533583161
w3c complaint solution;3.0910424533583161
querying validity time;3.0910424533583161
hasvalidtimes property;3.0910424533583161
 in temporal relations;3.0910424533583161
absolutist structuring;3.0910424533583161
largescale investment;3.044522437723423
functional properties;3.044522437723423
 in temporal elements;3.044522437723423
possible alternatives;3.044522437723423
standard real numbers;3.044522437723423
individual ontologies;3.044522437723423
different time points;3.044522437723423
university of toronto;3.044522437723423
possible disjunctions;3.044522437723423
 temporal subsumption;3.044522437723423
ontology of endurants;3.044522437723423
pointbased structures;3.044522437723423
properties  gutierrez;3.044522437723423
substantial additions;3.044522437723423
nl neighborhood logic;3.044522437723423
open world assumption;3.044522437723423
dynamic logics  pratt;3.044522437723423
 terminological shift;3.044522437723423
additional constructs;3.044522437723423
satisfaction operator;3.044522437723423
classification groups;3.044522437723423
additional data types;3.044522437723423
upperlevel ontologies;3.044522437723423
approach of  brentano;3.044522437723423
appropriate selection;3.044522437723423
approximate reasoning;3.044522437723423
sekt deliverable d181;3.044522437723423
annual ieee symposium;3.044522437723423
semantic technologies;3.044522437723423
required measurements;3.044522437723423
automatic recognition;3.044522437723423
experiment accounting;3.044522437723423
new significant terms;3.044522437723423
exclude temporal gaps;3.044522437723423
evolution of concepts;3.044522437723423
international journal;3.044522437723423
use hyperreal numbers;3.044522437723423
elaborated directions;3.044522437723423
atdatetime properties;3.044522437723423
possible irregularity;3.044522437723423
relativist approaches;3.044522437723423
subsets of n entities;3.044522437723423
behavioral prediction;3.044522437723423
property restrictions;3.044522437723423
range timegranularity;3.044522437723423
data type comparisons;3.044522437723423
philosophical systems;3.044522437723423
temporal constructors;3.044522437723423
acalendarday subsumes;3.044522437723423
corresponding classes;3.044522437723423
quantitative problems;3.044522437723423
unboundedness of time;3.044522437723423
multiplicative factor;3.044522437723423
context of relativist;3.044522437723423
interval sequence  i0;3.044522437723423
considers time points;3.044522437723423
provenance management;3.044522437723423
observed natural laws;3.044522437723423
ontologies in section;3.044522437723423
philosophical thought;3.044522437723423
hasendtime properties;3.044522437723423
degree of interaction;3.044522437723423
commonsense reasoning;3.044522437723423
swrltemporal ontology;3.044522437723423
business technologies;3.044522437723423
swrltemporal  oconnor;3.044522437723423
tractable subalgebras;3.044522437723423
declarative languages;3.044522437723423
owl semantics differs;3.044522437723423
properties of objects;3.044522437723423
very large data bases;3.044522437723423
likelybefore relation;3.044522437723423
allen style relations;3.044522437723423
timeinterval concept;2.9957322735539909
forestlike structure;2.9957322735539909
following properties;2.9957322735539909
tstimeslice property;2.9957322735539909
following categories;2.9957322735539909
intervalbased theory;2.9957322735539909
application coverage;2.9957322735539909
question of interest;2.9957322735539909
same temporal region;2.9957322735539909
applied temporal rdf;2.9957322735539909
uncertain beginnings;2.9957322735539909
expressive treatment;2.9957322735539909
semantic web storage;2.9957322735539909
role of semantic web;2.9957322735539909
timerelated elements;2.9957322735539909
harmonization effort;2.9957322735539909
generalpurpose terms;2.9957322735539909
reasoning frameworks;2.9957322735539909
intervals in psitime;2.9957322735539909
fuzzy time intervals;2.9957322735539909
a15refuzzy extension;2.9957322735539909
reification  buneman;2.9957322735539909
allowable constructs;2.9957322735539909
antique philosophers;2.9957322735539909
introduce data types;2.9957322735539909
alternative approach;2.9957322735539909
analysis of realtime;2.9957322735539909
relativist treatment;2.9957322735539909
 temporal colocation;2.9957322735539909
happenings ermolayev;2.9957322735539909
4dimensional objects;2.9957322735539909
expressive structure;2.9957322735539909
evolution of objects;2.9957322735539909
symmetric properties;2.9957322735539909
deeper understanding;2.9957322735539909
ontology description;2.9957322735539909
decidability results;2.9957322735539909
likelymeets relation;2.9957322735539909
datetime description;2.9957322735539909
date line comprising;2.9957322735539909
linear discrete time;2.9957322735539909
temporal uncertainty;2.9957322735539909
current availability;2.9957322735539909
more important facet;2.9957322735539909
certain restrictions;2.9957322735539909
chemical engineering;2.9957322735539909
consolidated opinion;2.9957322735539909
machine intelligence;2.9957322735539909
consensual sentiment;2.9957322735539909
choose unboundedness;2.9957322735539909
temporal structure t;2.9957322735539909
temporalized classes;2.9957322735539909
methods in databases;2.9957322735539909
equipping ontologies;2.9957322735539909
13 temporal location;2.9957322735539909
endsat with suffixes;2.9957322735539909
small time intervals;2.9957322735539909
number of partitions;2.9957322735539909
sparql query engines;2.9957322735539909
spatiotemporal parts;2.9957322735539909
discussion of clocks;2.9957322735539909
discreteness of time;2.9957322735539909
discrete time models;2.9957322735539909
specific time points;2.9957322735539909
discrete time domain;2.9957322735539909
different velocities;2.9957322735539909
last twentieth slice;2.9957322735539909
starter alternatives;2.9957322735539909
class of time points;2.9957322735539909
different date lines;2.9957322735539909
level of abstraction;2.9957322735539909
such representations;2.9957322735539909
sets of timeinstants;2.9957322735539909
hierarchy of modules;2.9957322735539909
pointpoint relations;2.9957322735539909
intermediate objects;2.9957322735539909
terminological shift;2.9957322735539909
pairs of individuals;2.9957322735539909
polynomial algorithm;2.9957322735539909
individual time line;2.9957322735539909
homogeneous approach;2.9957322735539909
predicate durationof;2.9957322735539909
performance  krieger;2.9957322735539909
underlying namespace;2.9957322735539909
importance of clocks;2.9957322735539909
additional relations;2.9957322735539909
previous experiments;2.9957322735539909
logicbased calculus;2.9444389791664403
fuzzy time interval;2.9444389791664403
nonconvex intervals;2.9444389791664403
reasoning mechanism;2.9444389791664403
general methodology;2.9444389791664403
reasonable addition;2.9444389791664403
real time computing;2.9444389791664403
gesture recognition;2.9444389791664403
rdfowl repositories;2.9444389791664403
granularity of time;2.9444389791664403
group of researches;2.9444389791664403
realtime properties;2.9444389791664403
reification suffers;2.9444389791664403
further specializes;2.9444389791664403
newtonian spacetime;2.9444389791664403
following condition;2.9444389791664403
timeinterval domain;2.9444389791664403
timelinemap concept;2.9444389791664403
algebraic relations;2.9444389791664403
times of occurrence;2.9444389791664403
measurement of time;2.9444389791664403
alternative version;2.9444389791664403
xmlschema datatypes;2.9444389791664403
annotation algebras;2.9444389791664403
termhood difference;2.9444389791664403
agentoriented model;2.9444389791664403
periodicity of time;2.9444389791664403
pointbased theories;2.9444389791664403
possible assertions;2.9444389791664403
terms of compliance;2.9444389791664403
use in applications;2.9444389791664403
precise information;2.9444389791664403
presentist approach;2.9444389791664403
important functions;2.9444389791664403
previous approaches;2.9444389791664403
process interaction;2.9444389791664403
process simulations;2.9444389791664403
appropriate density;2.9444389791664403
processual entities;2.9444389791664403
nonnegative numbers;2.9444389791664403
hypothetical future;2.9444389791664403
proper subchronoids;2.9444389791664403
universal time line;2.9444389791664403
unit time intervals;2.9444389791664403
propositional logic;2.9444389791664403
termhood saturation;2.9444389791664403
heraclituses theory;2.9444389791664403
uncertainty in fact;2.9444389791664403
additional object o;2.9444389791664403
semantic sensor web;2.9444389791664403
semantic technology;2.9444389791664403
arbitrary clocks ci;2.9444389791664403
nature of existence;2.9444389791664403
delays with respect;2.9444389791664403
decision procedures;2.9444389791664403
capabilities  welty;2.9444389791664403
temporal annotation;2.9444389791664403
datatype properties;2.9444389791664403
case for approaches;2.9444389791664403
corresponding units;2.9444389791664403
case of reification;2.9444389791664403
 continuoustimeline;2.9444389791664403
corresponding quale;2.9444389791664403
compromise approach;2.9444389791664403
chronological order;2.9444389791664403
computer scientists;2.9444389791664403
concept description;2.9444389791664403
conceptual modeling;2.9444389791664403
considers that time;2.9444389791664403
temporal modalities;2.9444389791664403
celestial phenomena;2.9444389791664403
corresponding items;2.9444389791664403
temporal precedence;2.9444389791664403
modal logic formula;2.9444389791664403
detailed comparison;2.9444389791664403
exhaustive searches;2.9444389791664403
arbitrary intervals;2.9444389791664403
separate extensions;2.9444389791664403
engineering systems;2.9444389791664403
aspects of openness;2.9444389791664403
encouraging results;2.9444389791664403
comparison of dates;2.9444389791664403
durations of events;2.9444389791664403
spacetime continuum;2.9444389791664403
available reasoners;2.9444389791664403
distinguished point;2.9444389791664403
detailed ontologies;2.9444389791664403
structures in terms;2.9444389791664403
 highlevel features;2.9444389791664403
structural ontology;2.9444389791664403
different precision;2.9444389791664403
starting time point;2.9444389791664403
axioms constructors;2.9444389791664403
specific properties;2.9444389791664403
structural elements;2.9444389791664403
inner time instants;2.9444389791664403
allowable relations;2.9444389791664403
language constructs;2.9444389791664403
ontology implements;2.9444389791664403
works for company c;2.9444389791664403
overview in section;2.9444389791664403
number of functions;2.9444389791664403
 temporalaggregates;2.9444389791664403
other timeintervals;2.9444389791664403
particular datatype;2.9444389791664403
open time intervals;2.9444389791664403
orders date triples;2.9444389791664403
w3cs nary relations;2.9444389791664403
aaai fall symposium;2.9444389791664403
pair of individuals;2.9444389791664403
working days period;2.9444389791664403
ontimeline property;2.9444389791664403
particular location;2.9444389791664403
logical perspective;2.9444389791664403
abovementioned list;2.9444389791664403
supported language;2.8903717578961645
notre dame journal;2.8903717578961645
temporal unit type;2.8903717578961645
new class worksfor;2.8903717578961645
temporal qualities;2.8903717578961645
temporal databases;2.8903717578961645
temporal deadlines;2.8903717578961645
natural scientists;2.8903717578961645
temporal behaviour;2.8903717578961645
temporal asymmetry;2.8903717578961645
temporal dimension;2.8903717578961645
new rdf blank node;2.8903717578961645
temporal sequences;2.8903717578961645
working day period;2.8903717578961645
temporal formalism;2.8903717578961645
xsd datetime value;2.8903717578961645
terms of semantics;2.8903717578961645
timequantity class;2.8903717578961645
uncertain interval;2.8903717578961645
uk national centre;2.8903717578961645
reification in owl;2.8903717578961645
transitive closure;2.8903717578961645
realworld entities;2.8903717578961645
range timeinterval;2.8903717578961645
range of validtime;2.8903717578961645
time of occurrence;2.8903717578961645
owl representation;2.8903717578961645
property semantics;2.8903717578961645
property labelling;2.8903717578961645
proper subinterval;2.8903717578961645
unique predecessor;2.8903717578961645
process management;2.8903717578961645
proceedings papers;2.8903717578961645
primitive entities;2.8903717578961645
primitive elements;2.8903717578961645
primitive concepts;2.8903717578961645
top of owl classes;2.8903717578961645
predecessor of owl;2.8903717578961645
potential coverage;2.8903717578961645
possible histories;2.8903717578961645
timeinterval class;2.8903717578961645
timeinterval exist;2.8903717578961645
periodic intervals;2.8903717578961645
particular purpose;2.8903717578961645
relativist bseries;2.8903717578961645
relevant relations;2.8903717578961645
theoretical issues;2.8903717578961645
theories intervals;2.8903717578961645
specific instances;2.8903717578961645
special time point;2.8903717578961645
things with extent;2.8903717578961645
sorts of relations;2.8903717578961645
only time elements;2.8903717578961645
time box structure;2.8903717578961645
ontolingua library;2.8903717578961645
simplified version;2.8903717578961645
ontology languages;2.8903717578961645
similar predicates;2.8903717578961645
significant impact;2.8903717578961645
requested features;2.8903717578961645
research in logics;2.8903717578961645
time in ontologies;2.8903717578961645
ordering of events;2.8903717578961645
sampling frequency;2.8903717578961645
successor function;2.8903717578961645
time granularities;2.8903717578961645
sentiment analysis;2.8903717578961645
sequence of events;2.8903717578961645
several ontologies;2.8903717578961645
significant aspect;2.8903717578961645
validity intervals;2.8903717578961645
time by  ermolayev;2.8903717578961645
zeit und kontinuum;2.8903717578961645
cognitive sciences;2.8903717578961645
harvard university;2.8903717578961645
highlevel ontology;2.8903717578961645
human common sense;2.8903717578961645
additional objects;2.8903717578961645
ijcai2001 workshop;2.8903717578961645
important features;2.8903717578961645
addition operation;2.8903717578961645
indexing mechanism;2.8903717578961645
individual quality;2.8903717578961645
account valid time;2.8903717578961645
infinite sequences;2.8903717578961645
information in owl;2.8903717578961645
information mining;2.8903717578961645
intended semantics;2.8903717578961645
absolutist aseries;2.8903717578961645
inverse properties;2.8903717578961645
22 time difference;2.8903717578961645
kconsistency means;2.8903717578961645
language resources;2.8903717578961645
level of operation;2.8903717578961645
 temporal location;2.8903717578961645
logical foundation;2.8903717578961645
logical frameworks;2.8903717578961645
general philosophy;2.8903717578961645
general case  renz;2.8903717578961645
further refinement;2.8903717578961645
further classifies;2.8903717578961645
constraint calculi;2.8903717578961645
contexts of change;2.8903717578961645
continuous domains;2.8903717578961645
composition tables;2.8903717578961645
complexity results;2.8903717578961645
current time point;2.8903717578961645
broadest diversity;2.8903717578961645
better performance;2.8903717578961645
basic time element;2.8903717578961645
different flavours;2.8903717578961645
different versions;2.8903717578961645
er model semantics;2.8903717578961645
exact relationship;2.8903717578961645
example  schreiber;2.8903717578961645
arbitrary duration;2.8903717578961645
appropriate method;2.8903717578961645
extracted features;2.8903717578961645
first order theory;2.8903717578961645
disjoint relations;2.8903717578961645
compound construct;2.8903717578961645
mathematical sense;2.8903717578961645
cohesive structure;2.8903717578961645
owl specification;2.8332133440562162
ontology versions;2.8332133440562162
ontology dynamics;2.8332133440562162
 discretetimeline;2.8332133440562162
multiple versions;2.8332133440562162
negative infinity;2.8332133440562162
linear constrains;2.8332133440562162
wonderweb library;2.8332133440562162
underlying domain;2.8332133440562162
 temporal instant;2.8332133440562162
wonderweb project;2.8332133440562162
worksfor relation;2.8332133440562162
unbounded towards;2.8332133440562162
tl temporal logic;2.8332133440562162
topical statement;2.8332133440562162
intervals of time;2.8332133440562162
object properties;2.8332133440562162
lunch time period;2.8332133440562162
pairwise disjoint;2.8332133440562162
open descriptions;2.8332133440562162
19 temporal slice;2.8332133440562162
analogue timeline;2.8332133440562162
lack of certainty;2.8332133440562162
nonstandard store;2.8332133440562162
various relations;2.8332133440562162
nonnegative reals;2.8332133440562162
votebased metrics;2.8332133440562162
tractable subsets;2.8332133440562162
olga tatarintseva;2.8332133440562162
mention convexity;2.8332133440562162
mentioned authors;2.8332133440562162
6 temporal region;2.8332133440562162
parallel programs;2.8332133440562162
next step towards;2.8332133440562162
temporal ordering;2.8332133440562162
entry subontology;2.8332133440562162
certain instances;2.8332133440562162
temporal space eg;2.8332133440562162
similar mechanism;2.8332133440562162
european workshop;2.8332133440562162
event occurrences;2.8332133440562162
several functions;2.8332133440562162
table4the summary;2.8332133440562162
concepts into owl;2.8332133440562162
entire collection;2.8332133440562162
fact that actions;2.8332133440562162
datatype property;2.8332133440562162
time in databases;2.8332133440562162
fig2the influence;2.8332133440562162
reusable ontology;2.8332133440562162
form of reasoning;2.8332133440562162
boost in research;2.8332133440562162
formal ontologies;2.8332133440562162
terms of coverage;2.8332133440562162
temporal property;2.8332133440562162
foundational part;2.8332133440562162
concise fragments;2.8332133440562162
annotation  udrea;2.8332133440562162
single attributes;2.8332133440562162
different aspects;2.8332133440562162
structure of time;2.8332133440562162
strong likelihood;2.8332133440562162
static properties;2.8332133440562162
such restrictions;2.8332133440562162
cognitive science;2.8332133440562162
direction of time;2.8332133440562162
theory postulates;2.8332133440562162
specific duration;2.8332133440562162
support operators;2.8332133440562162
class granularity;2.8332133440562162
dynamic behaviour;2.8332133440562162
dynamical systems;2.8332133440562162
complexity bounds;2.8332133440562162
dense time models;2.8332133440562162
sort of relations;2.8332133440562162
sort of fuzziness;2.8332133440562162
elaborated models;2.8332133440562162
dense number sets;2.8332133440562162
chronicles branch;2.8332133440562162
single time point;2.8332133440562162
temporal concepts;2.8332133440562162
qualitative terms;2.8332133440562162
proton  papadakis;2.8332133440562162
infinite interval;2.8332133440562162
highimpact papers;2.8332133440562162
infinite elements;2.8332133440562162
positions in time;2.8332133440562162
freeze quantifier;2.8332133440562162
argument in favor;2.8332133440562162
positive infinity;2.8332133440562162
process modelling;2.8332133440562162
continuous nature;2.8332133440562162
r  s  t ermolayev;2.8332133440562162
csparql  barbieri;2.8332133440562162
timepoint concept;2.8332133440562162
binary properties;2.8332133440562162
custom store hfc ;2.8332133440562162
custom sparqllike;2.8332133440562162
better saturation;2.8332133440562162
fuzziness of time;2.8332133440562162
temporal distance;2.8332133440562162
beginning of time;2.8332133440562162
grigoris antoniou;2.8332133440562162
point of validity;2.8332133440562162
realvalued clocks;2.8332133440562162
general framework;2.8332133440562162
applications conf;2.8332133440562162
reasoning support;2.8332133440562162
basic relations r;2.8332133440562162
time t a clock ci;2.8332133440562162
regular programs;2.7725887222397811
transaction time;2.7725887222397811
reasoning engine;2.7725887222397811
time measurement;2.7725887222397811
digital circuits;2.7725887222397811
rdf data streams;2.7725887222397811
potential agenda;2.7725887222397811
possible futures;2.7725887222397811
interval algebra;2.7725887222397811
papers from aaai;2.7725887222397811
position in time;2.7725887222397811
applied research;2.7725887222397811
inference system;2.7725887222397811
infinite numbers;2.7725887222397811
physical reality;2.7725887222397811
particular level;2.7725887222397811
instance of time;2.7725887222397811
instant concepts;2.7725887222397811
integrating time;2.7725887222397811
intangible thing;2.7725887222397811
gfotime  baumann;2.7725887222397811
implicit opinion;2.7725887222397811
rational numbers;2.7725887222397811
available online;2.7725887222397811
atomistic school;2.7725887222397811
psitime ontology;2.7725887222397811
aspect of motion;2.7725887222397811
total quantities;2.7725887222397811
archaic thoughts;2.7725887222397811
ict in education;2.7725887222397811
amia annual symp;2.7725887222397811
time structuring;2.7725887222397811
process modeling;2.7725887222397811
primitive entity;2.7725887222397811
important aspect;2.7725887222397811
semantics of owl;2.7725887222397811
owl class axioms;2.7725887222397811
computer program;2.7725887222397811
measures of time;2.7725887222397811
3way consistency;2.7725887222397811
4 fuzzy duration;2.7725887222397811
5 for timepoints;2.7725887222397811
lot of attention;2.7725887222397811
collection slice;2.7725887222397811
different scales;2.7725887222397811
theories of time;2.7725887222397811
next lower level;2.7725887222397811
digital timeline;2.7725887222397811
disjoint classes;2.7725887222397811
only assumptions;2.7725887222397811
logical formulae;2.7725887222397811
sparql  tappolet;2.7725887222397811
dynamic entities;2.7725887222397811
sotiris batsakis;2.7725887222397811
earlier approach;2.7725887222397811
circular fashion;2.7725887222397811
linear time line;2.7725887222397811
various attempts;2.7725887222397811
linear intervals;2.7725887222397811
specific domains;2.7725887222397811
ontology fitness;2.7725887222397811
computer systems;2.7725887222397811
more time points;2.7725887222397811
control location;2.7725887222397811
core assumptions;2.7725887222397811
temporal extents;2.7725887222397811
natural sciences;2.7725887222397811
current interval;2.7725887222397811
cyclic character;2.7725887222397811
metric reference;2.7725887222397811
temporal quality;2.7725887222397811
temporal queries;2.7725887222397811
data engineering;2.7725887222397811
concepts of time;2.7725887222397811
concepts in time;2.7725887222397811
simple relations;2.7725887222397811
library ontology;2.7725887222397811
feature coverage;2.7725887222397811
calendar pattern;2.7725887222397811
acm transactions;2.7725887222397811
other episode e2;2.7725887222397811
first experiment;2.7725887222397811
fitting provider;2.7725887222397811
floydhoare logic;2.7725887222397811
fluents approach;2.7725887222397811
additional level;2.7725887222397811
formal structure;2.7725887222397811
research efforts;2.7725887222397811
repeating states;2.7725887222397811
repeating events;2.7725887222397811
other properties;2.7725887222397811
fourth dimension;2.7725887222397811
frame references;2.7725887222397811
further analysis;2.7725887222397811
bfo regards time;2.7725887222397811
relation by alur;2.7725887222397811
related concepts;2.7725887222397811
formal treatment;2.7725887222397811
extension of owl;2.7725887222397811
timerelated part;2.7725887222397811
seven approaches;2.7725887222397811
sets of concepts;2.7725887222397811
serql  broekstra;2.7725887222397811
similar approach;2.7725887222397811
semantic systems;2.7725887222397811
exponential time;2.7725887222397811
ontology library;2.7725887222397811
absolutist views;2.7725887222397811
similar prefixes;2.7725887222397811
segments of time;2.7725887222397811
right endpoints;2.7080502011022101
proton  terziev;2.7080502011022101
other positions;2.7080502011022101
following forms;2.7080502011022101
sampled version;2.7080502011022101
basic primitive;2.7080502011022101
basic functions;2.7080502011022101
time properties;2.7080502011022101
time difference;2.7080502011022101
time of writing;2.7080502011022101
vadim ermolayev;2.7080502011022101
balanced choice;2.7080502011022101
simple calendar;2.7080502011022101
timeslice class;2.7080502011022101
segment of time;2.7080502011022101
separate aspect;2.7080502011022101
time in physics;2.7080502011022101
quantity values;2.7080502011022101
runtime systems;2.7080502011022101
case of inverse;2.7080502011022101
central concept;2.7080502011022101
last time point;2.7080502011022101
case complexity;2.7080502011022101
query languages;2.7080502011022101
open cyc public;2.7080502011022101
basic relations;2.7080502011022101
branching model;2.7080502011022101
calendar schema;2.7080502011022101
fluent approach;2.7080502011022101
group operation;2.7080502011022101
rep stancs83970;2.7080502011022101
grant agreement;2.7080502011022101
aspects of time;2.7080502011022101
mentioned years;2.7080502011022101
 time community;2.7080502011022101
decimal numbers;2.7080502011022101
approach  klein;2.7080502011022101
unique location;2.7080502011022101
synthetic model;2.7080502011022101
timed automaton;2.7080502011022101
nontemporal dls;2.7080502011022101
14 xsd datetime;2.7080502011022101
number of terms;2.7080502011022101
physical time t;2.7080502011022101
custom solution;2.7080502011022101
fuzzy intervals;2.7080502011022101
multiword terms;2.7080502011022101
natalya keberle;2.7080502011022101
morgan kaufmann;2.7080502011022101
fuzzy extension;2.7080502011022101
 in conjunction;2.7080502011022101
time collection;2.7080502011022101
instances years;2.7080502011022101
particular type;2.7080502011022101
input histories;2.7080502011022101
tsparql  grandi;2.7080502011022101
basic structure;2.7080502011022101
 straccia et al;2.7080502011022101
physical clocks;2.7080502011022101
current instant;2.7080502011022101
core ontologies;2.7080502011022101
temporal wholes;2.7080502011022101
termine service;2.7080502011022101
video in speech;2.7080502011022101
class validtime;2.7080502011022101
time anisotropy;2.7080502011022101
span ontologies;2.7080502011022101
space dimension;2.7080502011022101
domains of time;2.7080502011022101
dynamic objects;2.7080502011022101
various degrees;2.7080502011022101
clarendon press;2.7080502011022101
element of time;2.7080502011022101
historical data;2.7080502011022101
chronsets pinto;2.7080502011022101
towl  frasincar;2.7080502011022101
towl  frasinkar;2.7080502011022101
likely modifier;2.7080502011022101
relevant papers;2.7080502011022101
other solutions;2.7080502011022101
important issue;2.7080502011022101
arc consistency;2.7080502011022101
own time domain;2.7080502011022101
presentist view;2.7080502011022101
such algorithms;2.7080502011022101
interval phases;2.7080502011022101
subject experts;2.7080502011022101
structured form;2.7080502011022101
different forms;2.7080502011022101
starting points;2.7080502011022101
different speed;2.7080502011022101
different views;2.7080502011022101
theory by prior;2.7080502011022101
discrete models;2.7080502011022101
closed interval;2.7080502011022101
prolog reasoner;2.7080502011022101
square brackets;2.7080502011022101
formal theories;2.7080502011022101
logics of time;2.6390573296152584
structure time;2.6390573296152584
axiomatic time;2.6390573296152584
digital signal;2.6390573296152584
quarter period;2.6390573296152584
largest number;2.6390573296152584
open intervals;2.6390573296152584
specific value;2.6390573296152584
expert systems;2.6390573296152584
specified time;2.6390573296152584
different uses;2.6390573296152584
5thannual symp;2.6390573296152584
w3c compliance;2.6390573296152584
owl ontologies;2.6390573296152584
state anything;2.6390573296152584
different sets;2.6390573296152584
starting point;2.6390573296152584
other theories;2.6390573296152584
objective flow;2.6390573296152584
obvious manner;2.6390573296152584
psiulo assumes;2.6390573296152584
fourteen terms;2.6390573296152584
earlier papers;2.6390573296152584
earlier slices;2.6390573296152584
time points ta;2.6390573296152584
ontoelect rule;2.6390573296152584
small duration;2.6390573296152584
list of papers;2.6390573296152584
time positions;2.6390573296152584
chronos plugin;2.6390573296152584
slice termhood;2.6390573296152584
protege editor;2.6390573296152584
sioc in action;2.6390573296152584
protege plugin;2.6390573296152584
time dimension;2.6390573296152584
end of section;2.6390573296152584
specific types;2.6390573296152584
last few years;2.6390573296152584
specific dates;2.6390573296152584
basic property;2.6390573296152584
general tboxes;2.6390573296152584
specific class;2.6390573296152584
sparql  harris;2.6390573296152584
several facets;2.6390573296152584
basic theories;2.6390573296152584
several layers;2.6390573296152584
proper density;2.6390573296152584
class duration;2.6390573296152584
owltime  hobbs;2.6390573296152584
general theory;2.6390573296152584
complete table;2.6390573296152584
notion of blur;2.6390573296152584
branching time;2.6390573296152584
round brackets;2.6390573296152584
current moment;2.6390573296152584
constraint ltl;2.6390573296152584
time instances;2.6390573296152584
building block;2.6390573296152584
intense debate;2.6390573296152584
point algebras;2.6390573296152584
cyc time model;2.6390573296152584
infinite trees;2.6390573296152584
nphard problem;2.6390573296152584
same beginning;2.6390573296152584
same date line;2.6390573296152584
papers of impn;2.6390573296152584
infinite cycle;2.6390573296152584
metric aspects;2.6390573296152584
crisp interval;2.6390573296152584
basic entities;2.6390573296152584
annotated rdfs;2.6390573296152584
temporal model;2.6390573296152584
knowledge base;2.6390573296152584
particular use;2.6390573296152584
research issue;2.6390573296152584
retained terms;2.6390573296152584
weekend period;2.6390573296152584
convenient way;2.6390573296152584
temporal parts;2.6390573296152584
 sowl ontology;2.6390573296152584
robot planning;2.6390573296152584
fluents in owl;2.6390573296152584
modelling time;2.6390573296152584
basic elements;2.6390573296152584
medicine  stan;2.6390573296152584
important part;2.6390573296152584
temporal thing;2.6390573296152584
10th intl symp;2.6390573296152584
block universe;2.6390573296152584
maximal extent;2.6390573296152584
calendar model;2.6390573296152584
recent results;2.6390573296152584
datetime range;2.6390573296152584
anisotropic ie;2.6390573296152584
points induces;2.6390573296152584
points in time;2.6390573296152584
points of time;2.6390573296152584
database entry;2.6390573296152584
concise manner;2.6390573296152584
finishing at e;2.6390573296152584
region of time;2.6390573296152584
survey papers;2.5649493574615367
temporal csps;2.5649493574615367
infinite sets;2.5649493574615367
new framework;2.5649493574615367
new assertion;2.5649493574615367
cyclic nature;2.5649493574615367
musing system;2.5649493574615367
herbrand time;2.5649493574615367
table3the use;2.5649493574615367
modeling time;2.5649493574615367
datetime type;2.5649493574615367
improved form;2.5649493574615367
new owl class;2.5649493574615367
paper impacts;2.5649493574615367
integral part;2.5649493574615367
dolce  masolo;2.5649493574615367
owl reasoning;2.5649493574615367
firmer ground;2.5649493574615367
sowl ontology;2.5649493574615367
owl reasoners;2.5649493574615367
left endpoint;2.5649493574615367
same interval;2.5649493574615367
opposite ends;2.5649493574615367
slider window;2.5649493574615367
owl encodings;2.5649493574615367
other columns;2.5649493574615367
quality space;2.5649493574615367
j of computer;2.5649493574615367
everyday life;2.5649493574615367
owl semantics;2.5649493574615367
owl standards;2.5649493574615367
only elements;2.5649493574615367
special axiom;2.5649493574615367
measured time;2.5649493574615367
such products;2.5649493574615367
studia logica;2.5649493574615367
major concern;2.5649493574615367
example atint;2.5649493574615367
further demri;2.5649493574615367
sumo temporal;2.5649493574615367
digital music;2.5649493574615367
discrete part;2.5649493574615367
discrete time;2.5649493574615367
specific sets;2.5649493574615367
special issue;2.5649493574615367
distinct name;2.5649493574615367
stable period;2.5649493574615367
narrower view;2.5649493574615367
circular view;2.5649493574615367
class company;2.5649493574615367
big time line;2.5649493574615367
work by prior;2.5649493574615367
time line see;2.5649493574615367
bounding time;2.5649493574615367
time features;2.5649493574615367
class of sets;2.5649493574615367
time domain t;2.5649493574615367
automata lang;2.5649493574615367
 time aspects;2.5649493574615367
causal chains;2.5649493574615367
values of thd;2.5649493574615367
web semantics;2.5649493574615367
time approach;2.5649493574615367
base ontology;2.5649493574615367
time infinity;2.5649493574615367
circular time;2.5649493574615367
 allens meets;2.5649493574615367
validity time;2.5649493574615367
top of sparql;2.5649493574615367
analog signal;2.5649493574615367
time theories;2.5649493574615367
12 locationof;2.5649493574615367
time position;2.5649493574615367
abstract axis;2.5649493574615367
column stores;2.5649493574615367
time segments;2.5649493574615367
timeml  hobbs;2.5649493574615367
dynamic time;2.4849066497880004
later papers;2.4849066497880004
complete way;2.4849066497880004
easy problem;2.4849066497880004
more details;2.4849066497880004
end points t;2.4849066497880004
singular iff;2.4849066497880004
dense models;2.4849066497880004
similar work;2.4849066497880004
other things;2.4849066497880004
adjacent iff;2.4849066497880004
similar tool;2.4849066497880004
correct rate;2.4849066497880004
unbounded ie;2.4849066497880004
central role;2.4849066497880004
local clocks;2.4849066497880004
common units;2.4849066497880004
tedious task;2.4849066497880004
irish saying;2.4849066497880004
tense logics;2.4849066497880004
lowest score;2.4849066497880004
static views;2.4849066497880004
monodic fotl;2.4849066497880004
lower bounds;2.4849066497880004
standard rdf;2.4849066497880004
logical time;2.4849066497880004
ta equals tb;2.4849066497880004
 reichenbach;2.4849066497880004
class person;2.4849066497880004
model versus;2.4849066497880004
various ways;2.4849066497880004
tabular form;2.4849066497880004
first column;2.4849066497880004
basic aspect;2.4849066497880004
root concept;2.4849066497880004
global clock;2.4849066497880004
focal issues;2.4849066497880004
recent model;2.4849066497880004
formal logic;2.4849066497880004
research cyc;2.4849066497880004
relations rt;2.4849066497880004
integer part;2.4849066497880004
baader et al;2.4849066497880004
basic entity;2.4849066497880004
intervals i1;2.4849066497880004
henzinger ta;2.4849066497880004
second slice;2.4849066497880004
finite limit;2.4849066497880004
average case;2.4849066497880004
allen offers;2.4849066497880004
awkward task;2.4849066497880004
time regions;2.4849066497880004
exist points;2.4849066497880004
intervals ii;2.4849066497880004
akt ontology;2.4849066497880004
r m chisholm;2.4849066497880004
data mining;2.3978952727983707
text mining;2.3978952727983707
rule system;2.3978952727983707
binary ones;2.3978952727983707
first slice;2.3978952727983707
time in psi;2.3978952727983707
t mcdermott;2.3978952727983707
c typically;2.3978952727983707
bfo  masolo;2.3978952727983707
future work;2.3978952727983707
fuzzy logic;2.3978952727983707
extra rules;2.3978952727983707
term scores;2.3978952727983707
fuzzy match;2.3978952727983707
fuzzy model;2.3978952727983707
exact times;2.3978952727983707
global time;2.3978952727983707
exact dates;2.3978952727983707
question ie;2.3978952727983707
convex sets;2.3978952727983707
timely yago;2.3978952727983707
number line;2.3978952727983707
interval ii;2.3978952727983707
von s krner;2.3978952727983707
only author;2.3978952727983707
only theory;2.3978952727983707
allens work;2.3978952727983707
owl editing;2.3978952727983707
owl differs;2.3978952727983707
truth value;2.3978952727983707
key premise;2.3978952727983707
other types;2.3978952727983707
new objects;2.3978952727983707
week period;2.3978952727983707
time stamps;2.3978952727983707
year period;2.3978952727983707
high impact;2.3978952727983707
ieee effort;2.3978952727983707
 schellhorn;2.3978952727983707
time theory;2.3978952727983707
time values;2.3978952727983707
ai magazine;2.3978952727983707
model strdf;2.3978952727983707
whole time;2.3025850929940459
formal way;2.3025850929940459
tlowl  kim;2.3025850929940459
parts of x;2.3025850929940459
deep model;2.3025850929940459
relation r;2.3025850929940459
model time;2.3025850929940459
parts of y;2.3025850929940459
n entities;2.3025850929940459
 aristotle;2.3025850929940459
psi theory;2.3025850929940459
cyclic way;2.3025850929940459
r p hardie;2.3025850929940459
ieee trans;2.3025850929940459
sowl model;2.3025850929940459
present ie;2.3025850929940459
 schmiedel;2.3025850929940459
fuzzy sets;2.3025850929940459
dense time;2.3025850929940459
such views;2.3025850929940459
upper part;2.3025850929940459
entities b;2.3025850929940459
episode el;2.3025850929940459
thd values;2.3025850929940459
time cower;2.3025850929940459
entities a;2.3025850929940459
cntro  tao;2.3025850929940459
same query;2.3025850929940459
owl syntax;2.3025850929940459
little bit;2.3025850929940459
sowl dates;2.3025850929940459
same value;2.3025850929940459
doing time;2.3025850929940459
2 timeline;2.3025850929940459
only point;2.3025850929940459
cntro  cui;2.3025850929940459
chronos ed;2.3025850929940459
e2s extent;2.3025850929940459
top level;2.1972245773362196
part of y;2.1972245773362196
own right;2.1972245773362196
useful eg;2.1972245773362196
flat list;2.1972245773362196
fuzzy map;2.1972245773362196
instant t;2.1972245773362196
time unit;2.1972245773362196
i2 begins;2.1972245773362196
instant 0;2.1972245773362196
ian niles;2.1972245773362196
extent ie;2.1972245773362196
real time;2.1972245773362196
same rate;2.1972245773362196
 adelaide;2.1972245773362196
dense iff;2.1972245773362196
 williams;2.1972245773362196
 van beek;2.1972245773362196
company c;2.1972245773362196
 kowalski;2.1972245773362196
thd  thdr;2.1972245773362196
thd curve;2.1972245773362196
 tappolet;2.1972245773362196
long time;2.1972245773362196
 bresolin;2.1972245773362196
aaai conf;2.1972245773362196
 bodirsky;2.1972245773362196
t finally;2.1972245773362196
sumo time;2.1972245773362196
span part;2.1972245773362196
new york;2.0794415416798357
total no;2.0794415416798357
same end;2.0794415416798357
key idea;2.0794415416798357
metby or;2.0794415416798357
 unionof;2.0794415416798357
owl code;2.0794415416798357
or meets;2.0794415416798357
11 delay;2.0794415416798357
point tb;2.0794415416798357
pair  t1;2.0794415416798357
 krokhin;2.0794415416798357
system r;2.0794415416798357
 hurtado;2.0794415416798357
 halpern;2.0794415416798357
 emerson;2.0794415416798357
 champin;2.0794415416798357
 carroll;2.0794415416798357
 baumann;2.0794415416798357
r k gaye;2.0794415416798357
 bacchus;2.0794415416798357
how fast;2.0794415416798357
 jonsson;2.0794415416798357
van beek;2.0794415416798357
person p;2.0794415416798357
paper collection;2.0794415416798357
 see eg;1.9459101490553132
book iv;1.9459101490553132
time tr;1.9459101490553132
 pujari;1.9459101490553132
 santos;1.9459101490553132
lets ci;1.9459101490553132
n times;1.9459101490553132
r  renz;1.9459101490553132
i2 ends;1.9459101490553132
is time;1.9459101490553132
xxx xxx;1.9459101490553132
j artif;1.9459101490553132
 gascon;1.9459101490553132
herre h;1.9459101490553132
 cowley;1.9459101490553132
time ie;1.9459101490553132
 batres;1.9459101490553132
 lopes;1.791759469228055
1 time;1.791759469228055
 nagyp;1.791759469228055
use eg;1.791759469228055
 udrea;1.791759469228055
most k;1.791759469228055
 hobbs;1.791759469228055
 nebel;1.791759469228055
t due;1.6094379124341003
 none;1.6094379124341003
 west;1.6094379124341003
 wang;1.6094379124341003
 renz;1.6094379124341003
cadence design systems;1.545521226679158
language processing;1.4722194895832201
 noy;1.3862943611198906
 worksfor;1.3183347464017319
h j;1.0986122886681098
p j;1.0986122886681098
b r;1.0986122886681098
b c;1.0986122886681098
d f;1.0986122886681098
r j;1.0986122886681098
v s;1.0986122886681098
d r;1.0986122886681098
 t ;1.0986122886681098
e a;1.0986122886681098
j r;1.0986122886681098
j g;1.0986122886681098
e m;1.0986122886681098
terminology contribution;1.0593512767826483
 time;0.86662041438759263
time instant;0.62122666244700009
interval i;0.46051701859880906
time t;0.25596563846115061
 cui;0.0
 kim;0.0
 alur;0.0
 thdr;0.0
 niles;0.0
 klein;0.0
clock ci;0.0
object o;0.0
akt time;0.0
 keberle;0.0
space eg;0.0
 oconnor;0.0
hence owl;0.0
acm trans;0.0
k implies;0.0
i1 shares;0.0
equals tb;0.0
owl class;0.0
unit type;0.0
 straccia;0.0
data type;0.0
 brentano;0.0
clocks ci;0.0
 barbieri;0.0
 attempts;0.0
cyc public;0.0
data types;0.0
day period;0.0
 specifies;0.0
date lines;0.0
symbols ni;0.0
tree logic;0.0
case  renz;0.0
sensor web;0.0
episode e2;0.0
such frobs;0.0
end points;0.0
time period;0.0
relations r;0.0
finite sets;0.0
facts leads;0.0
days period;0.0
real number;0.0
structure t;0.0
annual symp;0.0
number sets;0.0
lower bound;0.0
allens time;0.0
owl classes;0.0
interval i1;0.0
more detail;0.0
web ontology;0.0
opposite end;0.0
order theory;0.0
situation s0;0.0
xsd datetime;0.0
 annotations;0.0
xsd datatype;0.0
time authors;0.0
tense theory;0.0
step towards;0.0
present time;0.0
timed series;0.0
relations r1;0.0
further work;0.0
higher arity;0.0
time reveals;0.0
hebrand time;0.0
sequence  i0;0.0
swrl buildins;0.0
point algebra;0.0
integer range;0.0
physical time;0.0
convex subset;0.0
month periods;0.0
metric aspect;0.0
explicit ends;0.0
logics  pratt;0.0
simpler forms;0.0
aaai workshop;0.0
w3c compliant;0.0
tractable sets;0.0
straccia et al;0.0
interval start;0.0
digital system;0.0
season periods;0.0
ieee symposium;0.0
ontologies v22;0.0
time computing;0.0
values of time;0.0
knowledge sets;0.0
class worksfor;0.0
spatial logics;0.0
exact relation;0.0
class employee;0.0
cambridge univ;0.0
 temporal part;0.0
content  niles;0.0
right endpoint;0.0
fuzzy duration;0.0
world wide web;0.0
symposium year;0.0
temporal space;0.0
nonmetric time;0.0
unbounded time;0.0
owl constructs;0.0
calendar logic;0.0
rdf blank node;0.0
knowledge bases;0.0
formal ontology;0.0
time coordinate;0.0
feature choices;0.0
time frameworks;0.0
calculus states;0.0
tractable cases;0.0
features allens;0.0
time point zero;0.0
data redundancy;0.0
polynomial time;0.0
datetime values;0.0
computer system;0.0
 temporal slice;0.0
n simpler forms;0.0
temporal entity;0.0
phenomenal time;0.0
crisp intervals;0.0
term occurrence;0.0
time algorithms;0.0
property axioms;0.0
only assumption;0.0
objects  artale;0.0
interval shapes;0.0
view postulates;0.0
timeline concept;0.0
application area;0.0
path consistency;0.0
incidence theory;0.0
graphs  tappolet;0.0
tractable subset;0.0
dense time model;0.0
software program;0.0
concept subsumes;0.0
convex intervals;0.0
world assumption;0.0
temporal instant;0.0
temporal context;0.0
datetime formats;0.0
 temporal region;0.0
california press;0.0
time granularity;0.0
time interval i1;0.0
relations grants;0.0
certain features;0.0
celestial sphere;0.0
time expressions;0.0
event occurrence;0.0
level ontologies;0.0
parthood relation;0.0
ontological model;0.0
unknown endpoints;0.0
validity interval;0.0
ordering relation;0.0
offer definitions;0.0
additional object;0.0
ontology language;0.0
scientific papers;0.0
scholarly sources;0.0
temporal querying;0.0
form owltimeentry;0.0
ternary relations;0.0
collection slices;0.0
denotes something;0.0
domain ontologies;0.0
chronometric time;0.0
spatial reasoning;0.0
consistency check;0.0
temporal contexts;0.0
purpose technique;0.0
temporal entities;0.0
properties labels;0.0
hyperreal numbers;0.0
continuous domain;0.0
coordinate system;0.0
temporal parthood;0.0
infinite sequence;0.0
future assertions;0.0
application areas;0.0
w3c recommendation;0.0
temporal locations;0.0
temporal extension;0.0
relations approach;0.0
propagation delays;0.0
professional texts;0.0
online communities;0.0
versus boundedness;0.0
scenario overviews;0.0
scientific thought;0.0
score significance;0.0
incidence theories;0.0
cyc knowledge base;0.0
logical postulates;0.0
engineering design;0.0
feature extraction;0.0
termhood comparison;0.0
nonclassical logics;0.0
membership function;0.0
formal verification;0.0
annotation  krieger;0.0
aggregates ontology;0.0
precedence relation;0.0
previous experiment;0.0
properties beginsat;0.0
undefined intervals;0.0
qualitative spatial;0.0
hebrand time points;0.0
temporal aggregates;0.0
temporal assertions;0.0
temporal colocation;0.0
temporal extensions;0.0
entity relationship;0.0
employment relation;0.0
different calendars;0.0
different fragments;0.0
different timelines;0.0
time ontology  zhou;0.0
knowledge engineers;0.0
interval structures;0.0
ontology  ermolayev;0.0
application specific;0.0
jump discontinuities;0.0
membership functions;0.0
reasoning complexity;0.0
granularity property;0.0
ranges of properties;0.0
annotated properties;0.0
execution frameworks;0.0
 temporal properties;0.0
temporal subsumption;0.0
time representations;0.0
order temporal logic;0.0
comparison operation;0.0
 temporal structures;0.0
representation model;0.0
predecessor function;0.0
interactive behavior;0.0
information  oconnor;0.0
worst case algorithm;0.0
relations likelymeets;0.0
intelligence research;0.0
structure tconsisting;0.0
joint acliso workshop;0.0
several disadvantages;0.0
report psiontotr20075;0.0
semantic web ontology;0.0
worst case complexity;0.0
linear temporal logic;0.0
nonmetric time points;0.0
ontoelect methodology;0.0
logical formalization;0.0
constraint propagator;0.0
integrity constraints;0.0
information resources;0.0
contains swrl buildins;0.0
semantic web reasoning;0.0
constraint programming;0.0
microelectronic design;0.0
information introduces;0.0
theoretical frameworks;0.0
disjoint time intervals;0.0
celestial sphere motion;0.0
information systems iii;0.0
such periodic behaviors;0.0
classesobject properies;0.0
interval temporal logics;0.0
allens interval calculus;0.0
nonstandard tense logics;0.0
several binary relations;0.0
precise numerical values;0.0
relation pointininterval;0.0
franz brentano  brentano;0.0
w3c recommendation  hobbs;0.0
firstorder temporal logic;0.0
entityrelationship models;0.0
termhood difference value;0.0
infinitesimal differences;0.0
computer science research;0.0
ontology querying language;0.0
first order temporal logic;0.0
collection slice increment;0.0
bound duration annotations;0.0
description logic reasoner;0.0
dynamic engineering design;0.0
web information management;0.0
applied nonclassical logics;0.0
 in artificial intelligence;0.0
propositional dynamic logic;0.0
interval neighborhood logic;0.0
propositional temporal logic;0.0
interval neighborhood logics;0.0
description logics  brachman;0.0
temporal annotation  krieger;0.0
firstorder predicate calculus;0.0
generation rdf query language;0.0
sociocultural time expressions;0.0
knowledge management activities;0.0
 terminology contribution peaks;0.0
timedependent factual knowledge;0.0
temporally changing information;0.0
parallel independent time lines;0.0
periodic time interval structures;0.0
representationquerying approaches;0.0
business intelligence applications;0.0
knowledge representation formalisms;0.0
class employmentdetailsnaryrelation;0.0
type property denoting propositions;0.0
transitive properties additional triples;0.0
type timeinterval denoting time intervals;0.0
propositional interval neighborhood logic;0.0
allens interval calculus relations implementation;0.0
temporal relation;-0.35415166800702702
temporal query;-0.43984288826920992
tense logic;-0.59947381819959267
description logic;-0.77269454837896867
 temporal elements;-0.96345725263205462
temporal constraint;-0.98147965972214657
allens interval;-1.0832200804408838
 temporal relations;-1.1777755916665757
time element;-1.2424533248940002
time s;-1.2647713900433328
upper ontology;-1.3195286648076292
physical clock;-1.3195286648076292
temporal theories;-1.4166066720281081
qualitative temporal;-1.4978661367769954
basic time;-2.3025850929940459
total order;-2.3978952727983707
time formats;-2.4849066497880004
swrl temporal;-2.5649493574615367
rdf  gutierrez;-2.6390573296152584
intl j;-2.6876392038420827
continuous time;-2.7080502011022101
spring symposium;-2.7725887222397811
natural language;-2.7725887222397811
expressive power;-2.7725887222397811
fuzziness in time;-2.8332133440562162
temporal interval;-2.8332133440562162
temporal operator;-2.8332133440562162
distributed system;-2.8903717578961645
periodicity in time;-2.9444389791664403
allens relation;-4.5134170018370163
web standards;-5.1298987149230735
realtime system;-5.4161004022044201
temporal element;-5.5451774444795623
subsequent section;-5.780743515792329
temporal feature;-8.5950250389433211
temporal description logic;-9.7742896140644469
temporal aspect;-10.83220080440884
